le_id	gene_id	group1_sample_01	group1_sample_02	group1_sample_03	group2_sample_04	group2_sample_05	group2_sample_06
id_ref_gene_1_1	id_ref_gene_1	153.270694438624	87.9224799846888	73.5793392383333	87.085465994054	95.2339837457173	107.058789738493
id_ref_gene_1_2	id_ref_gene_1	99.2776088978098	62.6447669892074	66.5717831203075	18.9491523227997	18.858214603034	22.1795102246696
id_ref_gene_1_3	id_ref_gene_1	37.353397764602	86.2499524563182	54.5226552431889	192.816927844777	276.881950557951	480.112214730231
id_ref_gene_1_4	id_ref_gene_1	40.8670692723053	92.300837007847	160.353380468839	721.378148575543	522.447234953964	397.961898154793
